vehicle_id,make,model,trim,drivetrain,powertrain,year,condition,status,mileage,price,doc_fee_included,dealer_adjustment_included,comparable_key,source,date_collected,retail,notes,comparable_price_median,raw_discount,discount_pct,mileage_adjusted_discount_per_10k,confidence,value_label,used_comp_count,expected_used_price,expected_price_low,expected_price_high,market_discount,market_discount_pct,market_confidence,price_label
ENT-002,Toyota,Corolla,LE,Unspecified,Unspecified,2024,Used,available,59000,19999,Unknown,Unknown,Toyota|Corolla|LE,Enterprise Car Sales,2026-07-17,Enterprise,"Listed as ""Corolla LE CVT""; CVT is Corolla's standard transmission not a trim",24392.0,4393.0,18.0,3.05,Exact match (high confidence),Strong Value,32,19982.0,19547.0,20417.0,-17.0,-0.1,High,Fair Value
ENT-003,Toyota,Corolla,LE,Unspecified,Unspecified,2023,Used,available,64000,18999,Unknown,Unknown,Toyota|Corolla|LE,Enterprise Car Sales,2026-07-17,Enterprise,"Listed as ""Corolla LE CVT""",24392.0,5393.0,22.1,3.45,Exact match (high confidence),Strong Value,32,19838.0,19454.0,20222.0,839.0,4.2,High,Good Value
ENT-005,Toyota,Corolla,LE,Unspecified,Unspecified,2024,Used,available,51000,20931,Unknown,Unknown,Toyota|Corolla|LE,Enterprise Car Sales,2026-07-17,Enterprise,"Listed as ""Corolla LE CVT""",24392.0,3461.0,14.2,2.78,Exact match (high confidence),Good Value,32,20261.0,19842.0,20680.0,-670.0,-3.3,High,Fair Value
ENT-006,Toyota,Corolla,LE,Unspecified,Unspecified,2024,Used,available,52000,20931,Unknown,Unknown,Toyota|Corolla|LE,Enterprise Car Sales,2026-07-17,Enterprise,"Listed as ""Corolla LE CVT""",24392.0,3461.0,14.2,2.73,Exact match (high confidence),Good Value,32,20225.0,19807.0,20643.0,-706.0,-3.5,High,Fair Value
ENT-007,Toyota,Corolla,LE,Unspecified,Unspecified,2022,Used,available,55000,19231,Unknown,Unknown,Toyota|Corolla|LE,Enterprise Car Sales,2026-07-17,Enterprise,"Listed as ""Corolla LE CVT""",24392.0,5161.0,21.2,3.85,Exact match (high confidence),Strong Value,32,20133.0,19739.0,20527.0,902.0,4.5,High,Good Value
ENT-009,Toyota,Corolla,SE,Unspecified,Unspecified,2024,Used,available,64000,21931,Unknown,Unknown,Toyota|Corolla|SE,Enterprise Car Sales,2026-07-17,Enterprise,"Listed as ""Corolla SE CVT""",26650.0,4719.0,17.7,2.77,Exact match (high confidence),Strong Value,0,,,,,,Manual review,Manual review
ENT-012,Toyota,Corolla,LE,Unspecified,Unspecified,2024,Used,available,68000,19931,Unknown,Unknown,Toyota|Corolla|LE,Enterprise Car Sales,2026-07-17,Enterprise,"Listed as ""Corolla LE CVT""",24392.0,4461.0,18.3,2.69,Exact match (high confidence),Strong Value,32,19645.0,19210.0,20080.0,-286.0,-1.5,High,Fair Value
ENT-014,Toyota,Corolla,LE,Unspecified,Unspecified,2024,Used,available,57000,19999,Unknown,Unknown,Toyota|Corolla|LE,Enterprise Car Sales,2026-07-17,Enterprise,"Listed as ""Corolla LE CVT""",24392.0,4393.0,18.0,3.16,Exact match (high confidence),Strong Value,32,20068.0,19623.0,20513.0,69.0,0.3,High,Fair Value
ENT-015,Toyota,Corolla,LE,Unspecified,Unspecified,2024,Used,available,58000,19999,Unknown,Unknown,Toyota|Corolla|LE,Enterprise Car Sales,2026-07-17,Enterprise,"Listed as ""Corolla LE CVT""",24392.0,4393.0,18.0,3.1,Exact match (high confidence),Strong Value,32,20034.0,19589.0,20479.0,35.0,0.2,High,Fair Value
ENT-016,Toyota,Corolla,LE,Unspecified,Unspecified,2024,Used,available,59000,19999,Unknown,Unknown,Toyota|Corolla|LE,Enterprise Car Sales,2026-07-17,Enterprise,"Listed as ""Corolla LE CVT""",24392.0,4393.0,18.0,3.05,Exact match (high confidence),Strong Value,32,19982.0,19547.0,20417.0,-17.0,-0.1,High,Fair Value
ENT-020,Toyota,Corolla,LE,Unspecified,Unspecified,2024,Used,available,66000,19499,Unknown,Unknown,Toyota|Corolla|LE,Enterprise Car Sales,2026-07-17,Enterprise,"Listed as ""Corolla LE CVT""",24392.0,4893.0,20.1,3.05,Exact match (high confidence),Strong Value,32,19767.0,19360.0,20174.0,268.0,1.4,High,Fair Value
ENT-024,Toyota,Corolla,LE,Unspecified,Unspecified,2024,Used,available,62000,19999,Unknown,Unknown,Toyota|Corolla|LE,Enterprise Car Sales,2026-07-17,Enterprise,"Listed as ""Corolla LE CVT""",24392.0,4393.0,18.0,2.9,Exact match (high confidence),Strong Value,32,19878.0,19437.0,20319.0,-121.0,-0.6,High,Fair Value
ENT-029,Toyota,Corolla,LE,Unspecified,Unspecified,2024,Used,available,53000,20931,Unknown,Unknown,Toyota|Corolla|LE,Enterprise Car Sales,2026-07-21,Enterprise,"Listed as ""Corolla LE CVT""; screenshot showed ""Coming Soon"" in Plano TX",24392.0,3461.0,14.2,2.68,Exact match (high confidence),Good Value,32,20190.0,19772.0,20608.0,-741.0,-3.7,High,Fair Value
ENT-030,Toyota,Corolla,LE,Unspecified,Unspecified,2024,Used,available,54000,20931,Unknown,Unknown,Toyota|Corolla|LE,Enterprise Car Sales,2026-07-21,Enterprise,"Listed as ""Corolla LE CVT""; screenshot showed ""Coming Soon"" in Plano TX",24392.0,3461.0,14.2,2.63,Exact match (high confidence),Good Value,32,20151.0,19733.0,20569.0,-780.0,-3.9,High,Fair Value
ENT-033,Toyota,Corolla,LE,Unspecified,Unspecified,2024,Used,available,61000,20931,Unknown,Unknown,Toyota|Corolla|LE,Enterprise Car Sales,2026-07-21,Enterprise,"Listed as ""Corolla LE CVT""; screenshot showed ""Coming Soon"" in Plano TX",24392.0,3461.0,14.2,2.33,Exact match (high confidence),Good Value,32,19882.0,19465.0,20299.0,-1049.0,-5.3,High,Overpriced
ENT-037,Toyota,Corolla,LE,Unspecified,Unspecified,2024,Used,available,51000,20499,Unknown,Unknown,Toyota|Corolla|LE,Enterprise Car Sales,2026-07-21,Enterprise,"Listed as ""Corolla LE CVT"" in Arlington TX",24392.0,3893.0,16.0,3.14,Exact match (high confidence),Strong Value,32,20260.0,19817.0,20703.0,-239.0,-1.2,High,Fair Value
ENT-039,Toyota,Corolla,LE,Unspecified,Unspecified,2024,Used,available,68000,19499,Unknown,Unknown,Toyota|Corolla|LE,Enterprise Car Sales,2026-07-21,Enterprise,"Listed as ""Corolla LE CVT"" in Arlington TX",24392.0,4893.0,20.1,2.96,Exact match (high confidence),Strong Value,32,19700.0,19283.0,20117.0,201.0,1.0,High,Fair Value
AVIS-001,Toyota,Corolla,LE,Unspecified,Unspecified,2025,Used,available,45828,19699,Unknown,Unknown,Toyota|Corolla|LE,Avis Car Sales,2026-07-17,Avis,,24392.0,4693.0,19.2,4.19,Exact match (high confidence),Strong Value,32,20451.0,20042.0,20860.0,752.0,3.7,High,Fair Value
HZ-001,Toyota,Corolla,LE,Unspecified,Unspecified,2025,Used,available,34891,20298,Unknown,Unknown,Toyota|Corolla|Unspecified,Hertz Rent2Buy and In-Store,2026-07-17,Hertz,"Listed as ""Corolla Sedan -- trim unspecified""",24392.0,4094.0,16.8,4.81,Exact match (high confidence),Strong Value,32,20828.0,20419.0,21237.0,530.0,2.5,High,Fair Value
HZ-002,Toyota,Corolla,LE,Unspecified,Unspecified,2025,Used,available,35076,20499,Unknown,Unknown,Toyota|Corolla|Unspecified,Hertz Rent2Buy and In-Store,2026-07-17,Hertz,"Listed as ""Corolla Sedan -- trim unspecified""",24392.0,3893.0,16.0,4.56,Exact match (high confidence),Strong Value,32,20820.0,20411.0,21229.0,321.0,1.5,High,Fair Value
HZ-003,Toyota,Corolla,LE,Unspecified,Unspecified,2025,Used,available,30143,20698,Unknown,Unknown,Toyota|Corolla|Unspecified,Hertz Rent2Buy and In-Store,2026-07-17,Hertz,"Listed as ""Corolla Sedan -- trim unspecified""",24392.0,3694.0,15.1,5.01,Exact match (high confidence),Strong Value,32,21015.0,20623.0,21407.0,317.0,1.5,High,Fair Value
HZ-004,Toyota,Corolla,LE,Unspecified,Unspecified,2025,Used,available,32438,20731,Unknown,Unknown,Toyota|Corolla|Unspecified,Hertz Rent2Buy and In-Store,2026-07-17,Hertz,"Listed as ""Corolla Sedan -- trim unspecified""",24392.0,3661.0,15.0,4.62,Exact match (high confidence),Strong Value,32,20931.0,20490.0,21372.0,200.0,1.0,High,Fair Value
HZ-005,Toyota,Corolla,LE,Unspecified,Unspecified,2025,Used,available,31859,20790,Unknown,Unknown,Toyota|Corolla|Unspecified,Hertz Rent2Buy and In-Store,2026-07-17,Hertz,"Listed as ""Corolla Sedan -- trim unspecified""",24392.0,3602.0,14.8,4.65,Exact match (high confidence),Good Value,32,20939.0,20495.0,21383.0,149.0,0.7,High,Fair Value
HZ-007,Toyota,Corolla,LE,Unspecified,Unspecified,2025,Used,available,24747,20995,Unknown,Unknown,Toyota|Corolla|Unspecified,Hertz Rent2Buy and In-Store,2026-07-17,Hertz,"Listed as ""Corolla Sedan -- trim unspecified""",24392.0,3397.0,13.9,5.62,Exact match (high confidence),Good Value,32,21200.0,20759.0,21641.0,205.0,1.0,High,Fair Value
HZ-008,Toyota,Corolla,LE,Unspecified,Unspecified,2025,Used,available,33545,21072,Unknown,Unknown,Toyota|Corolla|Unspecified,Hertz Rent2Buy and In-Store,2026-07-17,Hertz,"Listed as ""Corolla Sedan -- trim unspecified""",24392.0,3320.0,13.6,4.05,Exact match (high confidence),Good Value,32,20856.0,20427.0,21285.0,-216.0,-1.0,High,Fair Value
HZ-009,Toyota,Corolla,LE,Unspecified,Unspecified,2025,Used,available,20628,21249,Unknown,Unknown,Toyota|Corolla|Unspecified,Hertz Rent2Buy and In-Store,2026-07-17,Hertz,"Listed as ""Corolla Sedan -- trim unspecified""",24392.0,3143.0,12.9,6.25,Exact match (high confidence),Good Value,32,21345.0,20904.0,21786.0,96.0,0.4,High,Fair Value
HZ-020,Toyota,Corolla,LE,Unspecified,Unspecified,2025,Used,available,36155,19507,Unknown,Unknown,Toyota|Corolla|Unspecified,Hertz Rent2Buy and In-Store,2026-07-21,Hertz,"Listed as ""Corolla Sedan -- trim unspecified""; Dallas TX Rent2Buy",24392.0,4885.0,20.0,5.53,Exact match (high confidence),Strong Value,32,20789.0,20376.0,21202.0,1282.0,6.2,High,Good Value
HZ-021,Toyota,Corolla,LE,Unspecified,Unspecified,2025,Used,available,35228,20298,Unknown,Unknown,Toyota|Corolla|Unspecified,Hertz Rent2Buy and In-Store,2026-07-21,Hertz,"Listed as ""Corolla Sedan -- trim unspecified""; Dallas TX Rent2Buy",24392.0,4094.0,16.8,4.77,Exact match (high confidence),Strong Value,32,20815.0,20406.0,21224.0,517.0,2.5,High,Fair Value
HZ-022,Toyota,Corolla,LE,Unspecified,Unspecified,2025,Used,available,32768,20919,Unknown,Unknown,Toyota|Corolla|Unspecified,Hertz Rent2Buy and In-Store,2026-07-21,Hertz,"Listed as ""Corolla Sedan -- trim unspecified""; Dallas TX Rent2Buy",24392.0,3473.0,14.2,4.33,Exact match (high confidence),Good Value,32,20882.0,20453.0,21311.0,-37.0,-0.2,High,Fair Value
HZ-023,Toyota,Corolla,LE,Unspecified,Unspecified,2025,Used,available,32574,20995,Unknown,Unknown,Toyota|Corolla|Unspecified,Hertz Rent2Buy and In-Store,2026-07-21,Hertz,"Listed as ""Corolla Sedan -- trim unspecified""; Dallas TX Rent2Buy",24392.0,3397.0,13.9,4.27,Exact match (high confidence),Good Value,32,20889.0,20460.0,21318.0,-106.0,-0.5,High,Fair Value
HZ-024,Toyota,Corolla,LE,Unspecified,Unspecified,2025,Used,available,30180,21357,Yes,Unknown,Toyota|Corolla|LE,Hertz Rent2Buy and In-Store,2026-07-21,Hertz,"Listed as ""Corolla LE Sedan""; Bedford TX In-Store; price includes dealer documentation fees",24392.0,3035.0,12.4,4.11,Exact match (high confidence),Good Value,32,20946.0,20576.0,21316.0,-411.0,-2.0,High,Fair Value
HZ-025,Toyota,Corolla,LE,Unspecified,Unspecified,2025,Used,available,21141,21609,Unknown,Unknown,Toyota|Corolla|Unspecified,Hertz Rent2Buy and In-Store,2026-07-21,Hertz,"Listed as ""Corolla Sedan -- trim unspecified""; Dallas TX Rent2Buy",24392.0,2783.0,11.4,5.39,Exact match (high confidence),Good Value,32,21242.0,20868.0,21616.0,-367.0,-1.7,High,Fair Value
HZ-026,Toyota,Corolla,LE,Unspecified,Unspecified,2025,Used,available,33690,21649,Unknown,Unknown,Toyota|Corolla|Unspecified,Hertz Rent2Buy and In-Store,2026-07-21,Hertz,"Listed as ""Corolla Sedan -- trim unspecified""; Dallas TX Rent2Buy",24392.0,2743.0,11.2,3.32,Exact match (high confidence),Good Value,32,20829.0,20459.0,21199.0,-820.0,-3.9,High,Fair Value
HZ-027,Toyota,Corolla,LE,Unspecified,Unspecified,2025,Used,available,23068,21871,Yes,Unknown,Toyota|Corolla|LE,Hertz Rent2Buy and In-Store,2026-07-21,Hertz,"Listed as ""Corolla LE Sedan""; Bedford TX In-Store; price includes dealer documentation fees",24392.0,2521.0,10.3,4.47,Exact match (high confidence),Good Value,32,21170.0,20788.0,21552.0,-701.0,-3.3,High,Fair Value
